price,title
"35,410원",[로마샴푸] LOMA 너리싱 샴푸 1L
"17,900원",고창 김민상님의 황토밭 꿀고구마 5kg 특상 /13430쿠폰
"18,370원",[설빙]설빙 한입 쏙 붕어빵 단팥 1kg
"18,900원",[좋은순면]유기농 순면 팬티라이너 롱 36매X6팩/생리대 /증정
"7,900원",[보르도]민트 발각질제거팩/풋팩/발팩/필링 20g 1+1+1(+행사)
"39,900원",[해피플레이]장난감 공룡대탐험_디럭스 + 다이노레일카 증정
"20,900원",[진라면]진라면 매운맛 40봉
"10,600원",오아로 골드킹 트리벨리 파프리카 1.2kg/25%쿠폰7950원
"12,900원",[라인바싸]라인바싸 탄산수 500ml 페트 40입(레몬20+자몽20)
"8,800원",[건어물녀]프리미엄 참쥐포(중) 30장 + 30장 / 안주 / 간식 /
"9,900원",투투/겨울신상/기모/슬랙스/배기/데님/빅사이즈5XL
"12,500원",[시아스]누룽지 국내산100% 우리쌀로만든 구수한누룽지 3kg
"8,900원",구운계란 30구(초란)+소금증정/HACCP/훈제란/간편간식
"16,900원",홍진미채 (엉클컴퍼니)400gX2봉/굵은두께 동해국내가공
"12,900원",제이프랑 신상특가 기모 맨투맨/후드/트레이닝세트/티
"24,000원",씨투엠에듀 도형학습지 플라토 유치~초등 단계별 선택구매(전4권)
"13,900원",[해태에이스]에이스 스페셜모카블렌드 364g 4개
"11,500원",[미떼]미떼 오리지날 미니 40T +사은품 미떼 민트초코 2T
"38,400원",(주니어김영사) 흔한남매 과학 탐험대 전3권
"26,900원",[베지밀]베지밀 뼈에좋은 칼슘 아몬드호두잣 190ml 16팩x4박스
"8,900원",특허받은 프레시 아귀포 (대) 10장 약350g 건어물 W
"12,900원",[체리블랑]겨울신상 여아의류 주니어 맨투맨 상하복 원피스
"15,900원",[코다노]코다노 DMC-F 치즈 활용도 좋은 피자치즈 1kg+1kg
"18,900원",[광동]타우린 120ml x 50병/음료수/음료
"9,900원",데이데이 겨울 기모맨투맨/후드/양털/점퍼/니트/팬츠
"16,900원",청정우 차돌박이 (3초구이 샤브용) 250gX3팩
"16,900원",[강블리]블링 휴 3겹 무형광 롤화장지 30M 30롤 2팩
"14,900원",사과 부사 7kg 꼬마(52-60과내외)가정용/쿠폰가11180원
"15,500원",[센스(물티슈)]센스물티슈 악어 캡형 100매 10팩+10팩
"12,900원",로코코 BEST 겨울신상 원피스/자켓/티셔츠
"20,420원",[CJ제일제당]CJ 고메 바삭쫄깃한 탕수육 450G X 3개
"23,000원",[크리넥스]베이비 입체마스크 10PX5팩/유아마스크/36개월이하
"9,900원",[Gfresh]사조오양 치킨너겟 1kg 2봉
"48,510원",[농협]믿고먹는안심농협쌀20KG 포 
"8,900원",[Gfresh]부산 다대포 어묵에 꼬치다 (꼬치어묵20개+장국4봉)
"95,000원",[구글플레이](카드가능) 기프트코드 10만원 / 구글 기프트카드
"17,900원",[모나리자]미용티슈 (250매3입)X4개 화장지 휴지
"17,400원",2봉/산동고기왕만두1.4kg+김치왕만두1.4kg/만두 간식
"9,900원",[탑모델]탑모델 겨울 털부츠/털슬리퍼/롱부츠/플랫
"42,900원",[락토핏]15% 종근당건강 락토핏 5X 생유산균 골드 3통
"15,900원",[Gfresh]프레시지 연안식당 알폭탄 알탕 2-3인분
"35,700원",[코카콜라]몬스터 에너지 울트라 파라다이스 355ml x 24캔
"39,500원",[해피플레이]장난감 중장비 대탐험_디럭스+라이트레일 증정
"11,900원",[베베앙]베베앙 아기물티슈  시그니처 대용량 100매 캡형 10팩
"24,660원",비비고 왕교자1.05kg 3개
"9,900원",[미미로린스]대용량 섬유향수/섬유탈취제 500mlx2개(+사은품)
"29,000원",[앤드지 바이 지오지아]EN-JOIN LIFE 플리스 후드 티셔츠_BLB4TR1502MT
"17,900원",[리챔]리챔 오리지널 200g 10캔
"11,900원",[또래친구]따뜻한 주니어패딩/기모바지/상하복 9900~무료배송
"16,130원",[리바이스]노와이어 푸쉬업브라 햄팬티세트 6종택1 LHWBX305LHWPX305
"27,810원",[스팸]스팸 클래식 200g x8+스팸 25%라이트 200g x4
"27,800원",[난닝구]20%쿠폰 난닝구 패딩조끼/코트/기모후드집업
"33,210원",[햇반]CJ 햇반 210g 36개 1박스
"40,000원",{애플특전} 옹성우 (ONG SEONG WU) - 2022 SEASON’S GREETINGS (2022 시즌그리팅)
"32,850원",[햇반]햇반 205g x36입
"8,900원",[메디플라워]에트투스 트리트먼트 헤어팩 /헤어케어 아르간 1000ml
"65,920원",셀럽 더프레스티지 샴푸 8종+트리트먼트(베르가못) 2종
"11,900원",[테크액체세제]테크 파워 액체세제(겸용) 대용량 8L
"24,900원",[다샵]KF94 국산 컬러 마스크 새부리형 식약처인증 개별포장
"22,430원",[페브리즈]페브리즈 화장실용 2개입 은은한 라벤더향 x4개
"7,490원",[버츠비]버츠비 틴티드 립밤 (택1)
"29,000원",[앤드지 바이 지오지아]본사직영/앤드지 겨울 데일리 필수 이너 특가
"9,900원",무료반품 맨투맨/원피스/블라우스/스커트/기모바지
"34,300원",(빠른배송) 링티 제로 복숭아 500ml x 24입 
"16,470원",[착한떡]착한떡 달콤한우유백설기 총 40개
"21,900원",[오뚜기밥]맛있는 오뚜기밥 210g x 24개입(1박스)
"69,550원",[밥하는남자김하진]김하진통째로소한마리탕800g 8팩
"21,900원",[카파키즈]카파키즈 미리크리스마스 인기 아동화 모음전
"12,600원",[동원에프앤비]라이트스탠다드 참치 85g x10캔 +마일드참치 100g x1캔
"14,900원",달리샵 10%특가 1+1 겨울 신상 기모 바지 세트 원피스
"18,900원",[듀라셀]듀라셀 알카라인 건전지 AA 20개입 x 2개 + 사은품
"34,000원",[유한킴벌리]크리넥스3겹 데코소프트33MX24롤X2팩
"13,900원",[크리오]덴티메이트시즌2 초극세모 총30개
"9,500원",꿀과즙 제주감귤 조생감귤9kg (M-2L/중대과/실중량)
"18,900원",[듀라셀]듀라셀 알카라인 건전지 AA 20개+AAA20개  + 사은품
"20,900원",[아토세이프]덴티본조르노 구취케어 치약 10개 /치약추천/구강케어
"9,900원",[디얼리빙]순면 호텔 발매트 1+1 발수건 욕실+ 미끄럼방지패드
"47,500원",[구글플레이](카드가능) 기프트코드 5만원 / 구글 기프트카드
"20,900원",[Gfresh]디저트바이블룸 감자빵 10개입 디저트 영양간식 찹쌀빵
"129,000원",강릉 파인아트라벨 2박 (안목해변위치  전객실 오션뷰)
"13,900원",[이클립스]이클립스 캔디 8개 골라담기 +2종사은품
"15,900원",[팔도]뽀로로 과일음료 5종(NEW 샤인머스캣) 20펫 무료배송
"24,710원",[종근당건강]슈퍼비젼 멀티비타민 미네랄 12개월 츄어블 종합비타민
"28,900원",[나무야나무야]나무야 도톰한 3겹데코 30m 30롤 3팩/화장지/휴지
"18,600원",[Gfresh]통영산 통통생굴 1kg / 횟감용 15%+10% 쿠폰가 13950원
"33,500원",[헬로]헬로 순수 3겹 천연펄프 화장지 30m 30롤 3팩 특가행사
"12,800원",[테슬라]테슬라 남녀 아우터 바람막이 셔츠 바지 트레이닝복
"9,900원",[부광약품]부광 안티프라그치약 130g X 10개
"6,900원",[글램브라]A~C컵으로 사기브라 노와이어 브라 팬티 여성속옷세트
"13,900원",[아이깨끗해]손세정제 250ml 용기 순향 X 5개
"10,900원",[홈스타]홈스타 뿌리는 곰팡이싹 500mlX4 +1L증정
"9,900원",[Gfresh]통영산 다듬피 활 홍합 3kg / 15%+10% 쿠폰가 7430원
"22,900원",삼립X프릳츠 호찌머그+단팥야채6입1봉+단팥피자6입1봉
"29,900원",[폴햄]폴햄 외 FW 겨울 인기 아우터/니트/팬츠 특가전
"8,900원",[무궁화]샤워때비누 700ml (라벤더+로즈)
"43,830원",GSfresh 밥값하는쌀20kg(21년산)
"19,500원",[아이러브베베]아기물티슈 엠보 아이보리 캡형X20팩 72매
"31,000원",[네이처스웨이]네이처스웨이 비타구미 비타민 D 1000IU 140구미
"18,270원",[설빙]설빙 한입 쏙 붕어빵 슈크림 1kg
"9,900원",[백산수]백산수 2L 12병 /생수전문배송
"28,900원",[몰랑]몰랑 필통꾸미기 샤이닝 핑크
"18,620원",[본죽](현대Hmall)[빠른배송][본죽] 미니장조림 2박스 (70gx10개입)
"7,900원",[모카썸]무료반품 겨울NEW 오버핏/후리스/티셔츠/조거팬츠/1+1
"12,900원",[칠성사이다]칠성 사이다 210ml x 30캔
"33,000원",[유한킴벌리]크리넥스3겹 울트라클린27MX30롤X2팩
"19,640원",[서울우유]멸균우유 1000ml x 10입 (1박스)
"11,900원",3+1 명품향을 담은 향수득템G
"9,900원",[리르]리얼 펜타투 아이라이너 1+1+촉촉립밤증정
"84,060원",[하기스]맥스드라이 팬티 4~6단계 대용량 4팩
"21,900원",[킨더]킨더조이 T3 블루 3개+핑크 3개/총 6개/초콜릿 +에코백
"10,900원",[프링글스]프링글스 오리지널3개+양파맛3개
"9,880원",[씨밀렉스]뉴컬러 도어미니 잡곡/보관통 1300ml 8개 쌀통/잡곡통
"17,400원",(모바일)올반 슈퍼크런치 치킨텐더 440g x 3팩 
"16,900원",꿀맛사과 중과이상 부사 사과 8kg(20-40)/가정용
"30,000원",[유한킴벌리]릴리유 퓨어골드 물티슈 72캡X20팩(1BOX)
"7,900원",[맥퀸뉴욕]1+1 마이스트롱 아이브로우 펜슬 (샤프너+눈썹칼증정)
"19,900원",[상하목장]상하목장 유기농 멸균우유 200ML 24팩
"19,900원",평편  국내생산 KF94 마스크 (대형) 화이트/블랙 100매/10매입
"14,500원",[Gfresh]토종순대 400g+김치순대400g+두부순대400g
"19,900원",[열라면]열라면 멀티팩 (120gx5입) 8개(1박스)
"30,400원",[코카콜라]코카콜라 190ml x 60CAN
"25,110원",[비비고]비비고 왕교자1.05kg x2 + 수제새우만두 325g x2
"16,900원",블랙라벨 감귤 4.5kg 로열과/11brix이상 고당도 선별
"21,150원",[풀무원]노엣지꽉찬토핑피자 파이브치즈 2판+콤비네이션 2판
"11,760원",[제주삼다수]제주삼다수 2L 12병 /생수전문배송
"149,000원",호두ABC 풀 패키지 (호두펜 포함)
"56,750원",[로얄캐닌]로얄캐닌 인도어 고양이사료 4kg
"12,900원",[유한양행]유한덴탈케어 스마트와이드 칫솔 2단미세모 10입 2개
"11,900원",[청정원]우리쌀 양송이 크림수프 6개+우리쌀 야채수프 6개
"45,000원",(아웃백/이디야) 페이즈기프트 Foodcafe 5만원권
"15,300원",[동원참치]라이트스탠다드참치 135g x8캔+마일드 150g x2캔
"19,900원",홈쇼핑히트 빅사이즈 숏패딩/후리스/기모바지/롱패딩
"26,010원",[풀무원]모짜렐라 핫도그80g 5입X4봉(총20개)
"84,570원",[뱅뱅]뱅뱅21FW 여성 더블기모 트위드 밴딩 데님팬츠 3종
"49,410원",온플  몽펠리에 21Winter 융 기모 그래픽 스웨트셔츠 여성 4종
"20,900원",간장게장 2kg 쿠폰가16300 게장대첩다이닝폭스정통방식
"21,340원",새부리형 KF94 대형 마스크 100매 지원정 비말차단
"59,900원",[에잇세컨즈]20%슈퍼세일 압도적인 따뜻함 남녀 패딩/코트外
"16,500원",[동원에프앤비]동원 라이트 스탠다드 참치 150g 원터치 10개
"12,670원",[포카리스웨트]포카리스웨트 340ml x 20PET
"11,900원",[피죤]섬유유연제 3100ml x3개 핑크+피죤1L/쿠폰가8100원
"21,670원",[라인바싸]라인바싸 탄산수 500ml x 60입(플레인 자몽 레몬)
"28,500원",[구글플레이](카드가능) 기프트코드 3만원 / 구글 기프트카드
"16,900원",[릴리유]릴리유 퓨어퍼플 물티슈 캡72매X10팩(1BOX)
"29,900원",[GNM자연의품격]루테인지아잔틴 오메가3 루테인 3박스(총 3개월분)
"22,500원",제주 서귀포 레드향 중소과 1.5kg / 25%쿠폰가 16880원
"9,900원",이클아트 충전식 무선 LED 센서등-Bar 타입 / 210mm
"327,150원",(책읽는곰) 그림책이 참 좋아 세트별 선택구매 / 신간구성 세트 오픈
"18,900원",[캘리포니아센트]캘리포니아센트 차량용 방향제 코로 나도 체리(캔) 5개
"15,000원",[토니모리]중복쿠폰+토니모리 겨울맞이 보습특가템 UP TO 82%
"9,900원",데이뮤즈 양털/원피스/패딩/니트/후드집업/맨투맨/롱
"10,900원",글램공감/브라1+팬티2/속옷세트/A~D컵/빅사이즈
"9,900원",[바닐라코]바닐라코깜짝특가 67%~ /품/절/주/의/
"9,900원",쏭스타일 신상 롱티/빅사이즈/원피스 특가
"13,900원",[라인바싸]라인바싸 탄산수 플레인 500ml 페트 40입
"19,900원",[이지드롭]하루특가 이지드롭 변기크리너 핸들 1개+리필4팩(향4종48개)
"19,900원",[신라면]농심 신라면컵 30개
"7,000원",쿡스 전자렌지 찜기 라면용기 1L 1+1
"30,750원",[아침농산](21년산/혼합/보통) 농부의아침 쌀10kg 쿠폰가 23180원
"32,900원",[Gfresh]바다내음 통통생굴 2kg /횟감용 15%+10%쿠폰가 24970원
"28,640원",[아침농산](21년산/현미) 국산 농부의아침 현미10kg 쿠폰 21680원
"9,900원",[키스포]최대12%+12% 주니어 기모 트레이닝 초등팬츠/방한내의
"14,800원",한라산농장 귤10KG 랜덤 2S/S/M 택1발송 15%쿠폰할인중
"14,900원",올리반 포근한 겨울신상 기모/원피스/상하복/맨투맨
"9,900원",효성어묵 어묵탕 사각꼬지 1kg (20개입) (2+1) 어육79%
"21,250원",[플라팜]듀플로전용 호환 커버 듀플로플레이트
"26,900원",[포레스트스토리]B7 약산성 탈모 샴푸 1000ml+1000ml+250ml+헤어에센스
"23,520원",[제주삼다수]제주삼다수 2L 24병 /생수전문배송
"58,760원",[닌텐도]닌텐도 포켓몬스터 브릴리언트 다이아몬드
"22,900원",[투오가닉]가득담은 식이섬유 음료 푸룬주스 100% 1000ml 3+3
"17,700원",겨울/혹한기/균일가/플리스/라이닝/트레이닝복
"24,450원",[헤드앤숄더]헤드앤숄더 가려운 두피케어 샴푸 850ml 3개 +사은품
"23,400원",[동원에프앤비]동원 라이트스탠다드참치 85g x20캔+ 2캔 추가증정
"19,900원",[동원에프앤비]동원 샘물 2L 6병x6팩(총36병)
"42,700원",[영실업]영실업공식 시크릿쥬쥬 매직 피아노
"29,460원",CJ 꼬마돈까스 450g x3 + 꼬마새우까스 310g x3
"9,500원",[구글플레이](카드가능) 기프트코드 1만원 / 구글 기프트카드
"14,900원",[스파클](쿠폰적용가 11180원) 스파클생수 2L 30병
"21,900원",[애경]르샤트라 섬유유연제 피오니부케 1.6LX6개
"18,900원",[상하목장]상하목장 유기농 멸균우유 125ML 24팩
"11,900원",꿀과즙 제주감귤 조생감귤9kg (2S-M/로얄랜덤/실중량)
"28,500원",(글담) 초등 독서교육/초등 글쓰기 시리즈 선택구매
"13,800원",[니베아]니베아 쉐이빙폼 면도크림 센서티브 3개/쿠폰가8970원
"27,900원",[모나리자]보타닉 블라썸 (27m30롤)X3개 화장지 휴지
"17,900원",[궁중비책]궁중비책 샴푸바스 500ml /사은품-휴대용 30ml
"13,900원",프리랑 1+1 겨울신상 맨투맨/니트/블라우스/원피스
"25,000원",[에뛰드]전품목 50% 2021 결산 BEST 아이템 제안
"12,500원",[케라시스]케라시스 퍼퓸 샴푸 600mlx3_러1엘1블1+180x2/10180원
"12,900원",[꿈토리]아기물티슈 넉넉한점프 100매 20팩 캡형 엠보싱 55g 뉴
"13,900원",[아이러브베베]아이러브베베물티슈핑크100매캡형X20팩
"18,100원",[리스테린]리스테린 쿨민트750ml4 + 검케어100ml + 펌프
"41,900원",[뉴케어]뉴케어 구수한맛 200ml x 30팩 /완전 균형영양식 식사
"34,080원",[다우니]다우니 항균 파워 플러스 1L 6개 +사은품
"30,900원",[아몬드브리즈]아몬드브리즈 오리지널 190ML 48팩
"26,900원",[베지밀]베지밀 뼈에좋은 칼슘 검은콩깨쌀 190ml 16팩 x4박스
"35,550원",(21년산/신동진쌀/보통) 농협 섬진강쌀10kg 쿠폰27900
"31,480원",후지 인스탁스 미니필름 4팩(40장)+사은품2종
"16,100원",[페브리즈]페브리즈 섬유탈취제 상쾌한 향 370ml 3개 ks
"33,900원",[홀라이프]속편한 곡물 발효효소 4박스/총120포/유산균 식이섬유
"48,000원",[어스본코리아]어스본 창의력 쑥쑥 손도장놀이 시리즈 (전4권)_무지개 고무도장/크리스마스/농장/공룡
